method,mean_accuracy,std_accuracy,mean_f1,std_f1
SRAN_KNN,0.5527090097494333,0.040882942798026484,0.38252443012594894,0.05856078094999178
