method,mean_accuracy,std_accuracy,mean_f1,std_f1
Zscore_KNN,0.5460981430187036,0.04151326431971554,0.5375956046603216,0.040935719643980746
