method,mean_accuracy,std_accuracy,mean_f1,std_f1
BASELINE,0.4820882591960328,0.09052923342058256,0.34225384765889294,0.0681676848556055
