method,mean_accuracy,std_accuracy,mean_f1,std_f1
BASELINE_SVM,0.5443096427520209,0.1007377327040841,0.38778220482496456,0.0936122364208948
