method,mean_accuracy,std_accuracy,mean_f1,std_f1
Zscore_SVM,0.6221646786495934,0.052554492837087304,0.5962703063804765,0.05453960483335085
