method,mean_accuracy,std_accuracy,mean_f1,std_f1
SRAN_FULL_SVM,0.594245119426921,0.05815960774136997,0.4258797969561915,0.06584614173253993
