method,mean_accuracy,std_accuracy,mean_f1,std_f1
SRAN_SVM_TUNED,0.6457935723754028,0.07072586735341066,0.4483516157791832,0.09075821093346657
