method,mean_accuracy,std_accuracy,mean_f1,std_f1
SRAN_FULL_RF,0.6373778772779508,0.026978941140042144,0.5195986291213688,0.039884541682577546
