method,mean_accuracy,std_accuracy,mean_f1,std_f1
Zscore_RF,0.63678979854174,0.026590287849447513,0.5170534879158806,0.04473934972716181
