method,mean_accuracy,std_accuracy,mean_f1,std_f1
BASELINE_RF,0.6179625128522656,0.03619246036223154,0.27077031418670117,0.02369562887162559
