method,mean_accuracy,std_accuracy,mean_f1,std_f1
SRAN_FULL_RF,0.6488765667146934,0.030254019418994343,0.3268522987876697,0.050431393163889414
