method,mean_accuracy,std_accuracy,mean_f1,std_f1
SRAN_RF,0.6417656853120994,0.03214559272570331,0.3123088193810195,0.0557914829146531
